Allen,Phillip,Lavorato,John,phillip.allen@enron.com,lavorato@enron.comAllen,Phillip,Lavorato,John,phillip.allen@enron.com,john.lavorato@enron.comAllen,Phillip,Lavorato,John,k..allen@enron.com,lavorato@enron.comAllen,Phillip,Lavorato,John,k..allen@enron.com,john.lavorato@enron.comAmes,Charles,Neal,Scott,chuck.ames@enron.com,scott.neal@enron.comAnderson,John,Williams,Bill,john.anderson@enron.com,bill.iii@enron.comAnderson,John,Williams,Bill,john.anderson@enron.com,bill.williams@enron.comArnold,John,Lavorato,John,john.arnold@enron.com,lavorato@enron.comArnold,John,Lavorato,John,john.arnold@enron.com,john.lavorato@enron.comArora,Harry,Presto,Kevin,harry.arora@enron.com,m..presto@enron.comArora,Harry,Presto,Kevin,harry.arora@enron.com,kevin.presto@enron.comBadeer,Robert,Belden,Timothy,robert.badeer@enron.com,tim.belden@enron.comBailey,Debra,Presto,Kevin,debra.bailey@enron.com,m..presto@enron.comBailey,Debra,Presto,Kevin,debra.bailey@enron.com,kevin.presto@enron.comBailey,Susan,Taylor,Mark,susan.bailey@enron.com,mark.taylor@enron.comBailey,Susan,Taylor,Mark,susan.bailey@enron.com,.taylor@enron.comBallato,Russell,Gilbert-Smith,Doug,russell.ballato@enron.com,doug.gilbert-smith@enron.comBates,Kimberly,Neal,Scott,kimberly.bates@enron.com,scott.neal@enron.comBaughman,Don,Sturm,Fletcher,don.baughman@enron.com,j..sturm@enron.comBaughman,Don,Sturm,Fletcher,don.baughman@enron.com,fletcher.sturm@enron.comBelden,Timothy,Kitchen,Louise,tim.belden@enron.com,louise.kitchen@enron.comBenson,Robert,Davis,Mark,robert.benson@enron.com,mark.davis@enron.comBentley,Corry,Presto,Kevin,corry.bentley@enron.com,m..presto@enron.comBentley,Corry,Presto,Kevin,corry.bentley@enron.com,kevin.presto@enron.comBlack,Tamara,Presto,Kevin,tamara.black@enron.com,m..presto@enron.comBlack,Tamara,Presto,Kevin,tamara.black@enron.com,kevin.presto@enron.comBlaine,Jay,Presto,Kevin,jay.blaine@enron.com,m..presto@enron.comBlaine,Jay,Presto,Kevin,jay.blaine@enron.com,kevin.presto@enron.comBlaine,Michelle,Sanders,Richard,michelle.blaine@enron.com,richard.sanders@enron.comBlaine,Michelle,Sanders,Richard,michelle.blaine@enron.com,b..sanders@enron.comBrawner,Sandra,Neal,Scott,sandra.brawner@enron.com,scott.neal@enron.comBrawner,Sandra,Neal,Scott,f..brawner@enron.com,scott.neal@enron.comBronstein,Mara,Tycholiz,Barry,mara.bronstein@enron.com,barry.tycholiz@enron.comCalger,Christopher,Kitchen,Louise,christopher.calger@enron.com,louise.kitchen@enron.comCalger,Christopher,Kitchen,Louise,f..calger@enron.com,louise.kitchen@enron.comCampbell,Larry,Davis,Mark,larry.campbell@enron.com,mark.davis@enron.comCampbell,Larry,Davis,Mark,f..campbell@enron.com,mark.davis@enron.comCarson,Mike,Herndon,Rogers,mike.carson@enron.com,rogers.herndon@enron.comCarson,Mike,Herndon,Rogers,mike.carson@enron.com,herndon@enron.comCook,Mary,Taylor,Mark,mary.cook@enron.com,mark.taylor@enron.comCook,Mary,Taylor,Mark,mary.cook@enron.com,.taylor@enron.comCrandall,Sean,Belden,Timothy,sean.crandall@enron.com,tim.belden@enron.comCuilla,Martin,Shively,Hunter,martin.cuilla@enron.com,hunter.shively@enron.comCuilla,Martin,Shively,Hunter,martin.cuilla@enron.com,s..shively@enron.comDavis,Mark,Presto,Kevin,mark.davis@enron.com,m..presto@enron.comDavis,Mark,Presto,Kevin,mark.davis@enron.com,kevin.presto@enron.comDean,Craig,Williams,Bill,craig.dean@enron.com,bill.iii@enron.comDean,Craig,Williams,Bill,craig.dean@enron.com,bill.williams@enron.comDean,Clint,Gilbert-Smith,Doug,clint.dean@enron.com,doug.gilbert-smith@enron.comDickson,Stacy,Hodge,Jeffrey,stacy.dickson@enron.com,jeffrey.hodge@enron.comDickson,Stacy,Hodge,Jeffrey,e..dickson@enron.com,jeffrey.hodge@enron.comDickson,Stacy,Hodge,Jeffrey,stacy.dickson@enron.com,t..hodge@enron.comDickson,Stacy,Hodge,Jeffrey,e..dickson@enron.com,t..hodge@enron.comDonohoe,Tom,Shively,Hunter,tom.donohoe@enron.com,hunter.shively@enron.comDonohoe,Tom,Shively,Hunter,tom.donohoe@enron.com,s..shively@enron.comDorland,Chris,Sturm,Fletcher,chris.dorland@enron.com,j..sturm@enron.comDorland,Chris,Sturm,Fletcher,chris.dorland@enron.com,fletcher.sturm@enron.comDuran,William,Kitchen,Louise,w.duran@enron.com,louise.kitchen@enron.comDuran,William,Kitchen,Louise,david.duran@enron.com,louise.kitchen@enron.comErmis,Frank,Allen,Phillip,frank.ermis@enron.com,k..allen@enron.comErmis,Frank,Allen,Phillip,frank.ermis@enron.com,phillip.allen@enron.comErrigo,Joseph,Gilbert-Smith,Doug,joe.errigo@enron.com,doug.gilbert-smith@enron.comFarmer,Daren,Martin,Thomas,j..farmer@enron.com,a..martin@enron.comFarmer,Daren,Martin,Thomas,daren.farmer@enron.com,a..martin@enron.comFarmer,Daren,Martin,Thomas,j..farmer@enron.com,thomas.martin@enron.comFarmer,Daren,Martin,Thomas,daren.farmer@enron.com,thomas.martin@enron.comForney,John,Herndon,Rogers,m..forney@enron.com,rogers.herndon@enron.comForney,John,Herndon,Rogers,john.forney@enron.com,rogers.herndon@enron.comForney,John,Herndon,Rogers,m..forney@enron.com,herndon@enron.comForney,John,Herndon,Rogers,john.forney@enron.com,herndon@enron.comFreije,William,Forney,John,william.freije@enron.com,m..forney@enron.comFreije,William,Forney,John,william.freije@enron.com,john.forney@enron.comFuller,David,Tycholiz,Barry,dave.fuller@enron.com,barry.tycholiz@enron.comGaskill,Christopher,Shively,Hunter,chris.gaskill@enron.com,s..shively@enron.comGaskill,Christopher,Shively,Hunter,chris.gaskill@enron.com,hunter.shively@enron.comGay,Randall,Allen,Phillip,l..gay@enron.com,k..allen@enron.comGay,Randall,Allen,Phillip,l..gay@enron.com,phillip.allen@enron.comGay,Randall,Allen,Phillip,randall.gay@enron.com,k..allen@enron.comGay,Randall,Allen,Phillip,randall.gay@enron.com,phillip.allen@enron.comGermany,Chris,Neal,Scott,chris.germany@enron.com,scott.neal@enron.comGilbert-Smith,Doug,Presto,Kevin,doug.gilbert-smith@enron.com,m..presto@enron.comGilbert-Smith,Doug,Presto,Kevin,doug.gilbert-smith@enron.com,kevin.presto@enron.comGomez,Julie,Kitchen,Louise,julie.gomez@enron.com,louise.kitchen@enron.comGomez,Julie,Kitchen,Louise,a..gomez@enron.com,louise.kitchen@enron.comGoodell,Scott,Neal,Scott,scott.goodell@enron.com,scott.neal@enron.comGray,Barbara,Haedicke,Mark,n..gray@enron.com,e..haedicke@enron.comGray,Barbara,Haedicke,Mark,barbara.gray@enron.com,e..haedicke@enron.comGray,Barbara,Haedicke,Mark,n..gray@enron.com,mark.haedicke@enron.comGray,Barbara,Haedicke,Mark,barbara.gray@enron.com,mark.haedicke@enron.comGreenberg,Mark,Taylor,Mark,mark.greenberg@enron.com,mark.taylor@enron.comGreenberg,Mark,Taylor,Mark,mark.greenberg@enron.com,.taylor@enron.comGreer,Andrew,Baughman,Don,andrew.greer@enron.com,don.baughman@enron.comGriffith,John,Arnold,John,john.griffith@enron.com,john.arnold@enron.comGrigsby,Mike,Allen,Phillip,mike.grigsby@enron.com,k..allen@enron.comGrigsby,Mike,Allen,Phillip,mike.grigsby@enron.com,phillip.allen@enron.comGualy,Jaime,Arora,Harry,jaime.gualy@enron.com,harry.arora@enron.comGuzman,Mark,Williams,Bill,mark.guzman@enron.com,bill.iii@enron.comGuzman,Mark,Williams,Bill,mark.guzman@enron.com,bill.williams@enron.comHansen,Leslie,Sager,Elizabeth,leslie.hansen@enron.com,elizabeth.sager@enron.comHarasin,Leaf,Williams,Bill,leaf.harasin@enron.com,bill.iii@enron.comHarasin,Leaf,Williams,Bill,leaf.harasin@enron.com,bill.williams@enron.comHarrison,Tyrell,Whitt,Mark,tyrell.harrison@enron.com,mark.whitt@enron.comHeard,Marie,Taylor,Mark,marie.heard@enron.com,mark.taylor@enron.comHeard,Marie,Taylor,Mark,marie.heard@enron.com,.taylor@enron.comHendrickson,Scott,Neal,Scott,scott.hendrickson@enron.com,scott.neal@enron.comHendry,Brent,Taylor,Mark,brent.hendry@enron.com,mark.taylor@enron.comHendry,Brent,Taylor,Mark,brent.hendry@enron.com,.taylor@enron.comHernandez,Juan,Herndon,Rogers,juan.hernandez@enron.com,rogers.herndon@enron.comHernandez,Juan,Herndon,Rogers,juan.hernandez@enron.com,herndon@enron.comHerndon,Rogers,Presto,Kevin,rogers.herndon@enron.com,m..presto@enron.comHerndon,Rogers,Presto,Kevin,herndon@enron.com,kevin.presto@enron.comHodge,Jeffrey,Haedicke,Mark,jeffrey.hodge@enron.com,e..haedicke@enron.comHodge,Jeffrey,Haedicke,Mark,t..hodge@enron.com,e..haedicke@enron.comHodge,Jeffrey,Haedicke,Mark,jeffrey.hodge@enron.com,mark.haedicke@enron.comHodge,Jeffrey,Haedicke,Mark,t..hodge@enron.com,mark.haedicke@enron.comHodge,John,Neal,Scott,john.hodge@enron.com,scott.neal@enron.comHolst,Keith,Allen,Phillip,keith.holst@enron.com,k..allen@enron.comHolst,Keith,Allen,Phillip,keith.holst@enron.com,phillip.allen@enron.comHuang,Jason,Grigsby,Michael,jason.huang@enron.com,mike.grigsby@enron.comJones,Tana,Taylor,Mark,tana.jones@enron.com,mark.taylor@enron.comJones,Tana,Taylor,Mark,tana.jones@enron.com,.taylor@enron.comKeavey,Peter,Neal,Scott,peter.keavey@enron.com,scott.neal@enron.comKing,Jeff,Sturm,Fletcher,jeff.king@enron.com,j..sturm@enron.comKing,Jeff,Sturm,Fletcher,jeff.king@enron.com,fletcher.sturm@enron.comKinser,John,Sturm,Fletcher,john.kinser@enron.com,j..sturm@enron.comKinser,John,Sturm,Fletcher,john.kinser@enron.com,fletcher.sturm@enron.comKoehler,Anne,Taylor,Mark,anne.koehler@enron.com,mark.taylor@enron.comKoehler,Anne,Taylor,Mark,c..koehler@enron.com,mark.taylor@enron.comKoehler,Anne,Taylor,Mark,anne.koehler@enron.com,.taylor@enron.comKoehler,Anne,Taylor,Mark,c..koehler@enron.com,.taylor@enron.comKoepke,Gwyn,Kaminski,Vince,gwyn.koepke@enron.com,j.kaminski@enron.comKoepke,Gwyn,Kaminski,Vince,gwyn.koepke@enron.com,vince.kaminski@enron.comKoepke,Gwyn,Kaminski,Vince,gwyn.koepke@enron.com,kaminski@enron.comKuykendall,Tori,Allen,Phillip,tori.kuykendall@enron.com,k..allen@enron.comKuykendall,Tori,Allen,Phillip,tori.kuykendall@enron.com,phillip.allen@enron.comLarkworthy,Carrie,Baughman,Don,carrie.larkworthy@enron.com,don.baughman@enron.comLenhart,Matthew,Allen,Phillip,matthew.lenhart@enron.com,k..allen@enron.comLenhart,Matthew,Allen,Phillip,matthew.lenhart@enron.com,phillip.allen@enron.comLewis,Andrew,Shively,Hunter,h..lewis@enron.com,s..shively@enron.comLewis,Andrew,Shively,Hunter,h..lewis@enron.com,hunter.shively@enron.comLewis,Andrew,Shively,Hunter,andrew.lewis@enron.com,s..shively@enron.comLewis,Andrew,Shively,Hunter,andrew.lewis@enron.com,hunter.shively@enron.comLinder,Eric,Williams,Bill,eric.linder@enron.com,bill.iii@enron.comLinder,Eric,Williams,Bill,eric.linder@enron.com,bill.williams@enron.comLorenz,Matthew,Sturm,Fletcher,matt.lorenz@enron.com,j..sturm@enron.comLorenz,Matthew,Sturm,Fletcher,matt.lorenz@enron.com,fletcher.sturm@enron.comLucci,Paul,Whitt,Mark,t..lucci@enron.com,mark.whitt@enron.comLucci,Paul,Whitt,Mark,paul.lucci@enron.com,mark.whitt@enron.comLuce,Laura,Lavorato,John,laura.luce@enron.com,lavorato@enron.comLuce,Laura,Lavorato,John,laura.luce@enron.com,john.lavorato@enron.comMack,Iris,Arora,Harry,iris.mack@enron.com,harry.arora@enron.comMaggi,Mike,Arnold,John,mike.maggi@enron.com,john.arnold@enron.comMann,Cynthia,Sager,Elizabeth,kay.mann@enron.com,elizabeth.sager@enron.comMaskell,David,Hernandez,Juan,david.maskell@enron.com,juan.hernandez@enron.comMay,Larry,Arnold,John,larry.may@enron.com,john.arnold@enron.comMcElreath,Alexander,Baughman,Don,alexander.mcelreath@enron.com,don.baughman@enron.comMckay,Brad,Neal,Scott,brad.mckay@enron.com,scott.neal@enron.comMckay,Jonathan,Neal,Scott,jonathan.mckay@enron.com,scott.neal@enron.comMerris,Steven,Williams,Bill,steven.merris@enron.com,bill.iii@enron.comMerris,Steven,Williams,Bill,steven.merris@enron.com,bill.williams@enron.comMeyers,Albert,Williams,Bill,albert.meyers@enron.com,bill.iii@enron.comMeyers,Albert,Williams,Bill,albert.meyers@enron.com,bill.williams@enron.comMeyers,Albert,Williams,Bill,bert.meyers@enron.com,bill.iii@enron.comMeyers,Albert,Williams,Bill,bert.meyers@enron.com,bill.williams@enron.comMiller,Stephanie,Tycholiz,Barry,stephanie.miller@enron.com,barry.tycholiz@enron.comMoore,Janet,Sager,Elizabeth,janet.moore@enron.com,elizabeth.sager@enron.comMoore,Janet,Sager,Elizabeth,h..moore@enron.com,elizabeth.sager@enron.comMotley,Matt,Belden,Timothy,matt.motley@enron.com,tim.belden@enron.comMrha,Jean,Kitchen,Louise,jean.mrha@enron.com,louise.kitchen@enron.comMurphy,Harlan,Sager,Elizabeth,harlan.murphy@enron.com,elizabeth.sager@enron.comNeal,Scott,Lavorato,John,scott.neal@enron.com,lavorato@enron.comNeal,Scott,Lavorato,John,scott.neal@enron.com,john.lavorato@enron.comNelson,Cheryl,Taylor,Mark,cheryl.nelson@enron.com,mark.taylor@enron.comNelson,Cheryl,Taylor,Mark,cheryl.nelson@enron.com,.taylor@enron.comNemec,Gerald,Gray,Barbara,gerald.nemec@enron.com,n..gray@enron.comNemec,Gerald,Gray,Barbara,gerald.nemec@enron.com,barbara.gray@enron.comPadron,Juan,Sturm,Fletcher,juan.padron@enron.com,j..sturm@enron.comPadron,Juan,Sturm,Fletcher,juan.padron@enron.com,fletcher.sturm@enron.comPanus,Stephanie,Taylor,Mark,stephanie.panus@enron.com,mark.taylor@enron.comPanus,Stephanie,Taylor,Mark,stephanie.panus@enron.com,.taylor@enron.comPereira,Susan,Neal,Scott,w..pereira@enron.com,scott.neal@enron.comPereira,Susan,Neal,Scott,susan.pereira@enron.com,scott.neal@enron.comPerlingiere,Debra,Hodge,Jeffrey,debra.perlingiere@enron.com,jeffrey.hodge@enron.comPerlingiere,Debra,Hodge,Jeffrey,debra.perlingiere@enron.com,t..hodge@enron.comPimenov,Vladi,Neal,Scott,vladi.pimenov@enron.com,scott.neal@enron.comPinto-Leite,Francisco,Taylor,Mark,pinto.leite@enron.com,mark.taylor@enron.comPinto-Leite,Francisco,Taylor,Mark,pinto.leite@enron.com,.taylor@enron.comPollan,Sylvia,Shively,Hunter,s..pollan@enron.com,s..shively@enron.comPollan,Sylvia,Shively,Hunter,s..pollan@enron.com,hunter.shively@enron.comPolsky,Phillip,Tycholiz,Barry,philip.polsky@enron.com,barry.tycholiz@enron.comPolsky,Phillip,Tycholiz,Barry,phil.polsky@enron.com,barry.tycholiz@enron.comPorter,David,Williams,Bill,david.porter@enron.com,bill.iii@enron.comPorter,David,Williams,Bill,v..porter@enron.com,bill.iii@enron.comPorter,David,Williams,Bill,david.porter@enron.com,bill.williams@enron.comPorter,David,Williams,Bill,v..porter@enron.com,bill.williams@enron.comPortz,David,Sager,Elizabeth,david.portz@enron.com,elizabeth.sager@enron.comPresto,Kevin,Kitchen,Louise,kevin.presto@enron.com,louise.kitchen@enron.comPresto,Kevin,Kitchen,Louise,m..presto@enron.com,louise.kitchen@enron.comQuenet,Joe,Davis,Mark,joe.quenet@enron.com,mark.davis@enron.comRawal,Punit,Baughman,Don,punit.rawal@enron.com,don.baughman@enron.comReitmeyer,Jay,Allen,Phillip,jay.reitmeyer@enron.com,k..allen@enron.comReitmeyer,Jay,Allen,Phillip,jay.reitmeyer@enron.com,phillip.allen@enron.comRing,Andrea,Neal,Scott,andrea.ring@enron.com,scott.neal@enron.comRodrigue,Robin,Luce,Laura,robin.rodrigue@enron.com,laura.luce@enron.comRogers,Benjamin,Davis,Mark,benjamin.rogers@enron.com,mark.davis@enron.comRuscitti,Kevin,Shively,Hunter,kevin.ruscitti@enron.com,s..shively@enron.comRuscitti,Kevin,Shively,Hunter,kevin.ruscitti@enron.com,hunter.shively@enron.comSager,Elizabeth,Haedicke,Mark,elizabeth.sager@enron.com,e..haedicke@enron.comSager,Elizabeth,Haedicke,Mark,elizabeth.sager@enron.com,mark.haedicke@enron.comSaibi,Eric,Gilbert-Smith,Doug,eric.saibi@enron.com,doug.gilbert-smith@enron.comSanchez,Monique,Allen,Phillip,monique.sanchez@enron.com,k..allen@enron.comSanchez,Monique,Allen,Phillip,monique.sanchez@enron.com,phillip.allen@enron.comSavvas,Leonidas,Neal,Scott,leonidas.savvas@enron.com,scott.neal@enron.comScholtes,Diana,Belden,Timothy,diana.scholtes@enron.com,tim.belden@enron.comScott,Susan,Grigsby,Mike,susan.scott@enron.com,mike.grigsby@enron.comScott,Susan,Grigsby,Mike,m..scott@enron.com,mike.grigsby@enron.comShackleton,Sara,Taylor,Mark,sara.shackleton@enron.com,mark.taylor@enron.comShackleton,Sara,Taylor,Mark,sara.shackleton@enron.com,.taylor@enron.comShively,Hunter,Lavorato,John,s..shively@enron.com,lavorato@enron.comShively,Hunter,Lavorato,John,hunter.shively@enron.com,lavorato@enron.comShively,Hunter,Lavorato,John,s..shively@enron.com,john.lavorato@enron.comShively,Hunter,Lavorato,John,hunter.shively@enron.com,john.lavorato@enron.comSlinger,Ryan,Williams,Bill,ryan.slinger@enron.com,bill.iii@enron.comSlinger,Ryan,Williams,Bill,ryan.slinger@enron.com,bill.williams@enron.comSmith,Matt,Gaskill,Christopher,matt.smith@enron.com,chris.gaskill@enron.comSolberg,Geir,Williams,Bill,geir.solberg@enron.com,bill.iii@enron.comSolberg,Geir,Williams,Bill,geir.solberg@enron.com,bill.williams@enron.comSouth,Steven,Allen,Phillip,steven.south@enron.com,k..allen@enron.comSouth,Steven,Allen,Phillip,p..south@enron.com,k..allen@enron.comSouth,Steven,Allen,Phillip,steven.south@enron.com,phillip.allen@enron.comSouth,Steven,Allen,Phillip,p..south@enron.com,phillip.allen@enron.comSt. Clair,Carol,Sager,Elizabeth,carol.clair@enron.com,elizabeth.sager@enron.comStalford,Robert,Arora,Harry,robert.stalford@enron.com,harry.arora@enron.comStepenovitch,Joe,Davis,Mark,joe.stepenovitch@enron.com,mark.davis@enron.comStorey,Geoff,Shively,Hunter,geoff.storey@enron.com,s..shively@enron.comStorey,Geoff,Shively,Hunter,geoff.storey@enron.com,hunter.shively@enron.comSturm,Fletcher,Presto,Kevin,j..sturm@enron.com,m..presto@enron.comSturm,Fletcher,Presto,Kevin,fletcher.sturm@enron.com,m..presto@enron.comSturm,Fletcher,Presto,Kevin,j..sturm@enron.com,kevin.presto@enron.comSturm,Fletcher,Presto,Kevin,fletcher.sturm@enron.com,kevin.presto@enron.comSullivan-Shaklovitz,Colleen,Kitchen,Louise,colleen.sullivan@enron.com,louise.kitchen@enron.comSwerzbin,Mike,Belden,Timothy,mike.swerzbin@enron.com,tim.belden@enron.comTaylor,Mark,Haedicke,Mark,mark.taylor@enron.com,e..haedicke@enron.comTaylor,Mark,Haedicke,Mark,mark.taylor@enron.com,mark.haedicke@enron.comTaylor,Mark,Haedicke,Mark,.taylor@enron.com,e..haedicke@enron.comTaylor,Mark,Haedicke,Mark,.taylor@enron.com,mark.haedicke@enron.comTholt,Jane,Allen,Phillip,jane.tholt@enron.com,k..allen@enron.comTholt,Jane,Allen,Phillip,m..tholt@enron.com,k..allen@enron.comTholt,Jane,Allen,Phillip,jane.tholt@enron.com,phillip.allen@enron.comTholt,Jane,Allen,Phillip,m..tholt@enron.com,phillip.allen@enron.comThomas,Paul,Davis,Mark,d..thomas@enron.com,mark.davis@enron.comThomas,Paul,Davis,Mark,paul.thomas@enron.com,mark.davis@enron.comTownsend,Judy,Neal,Scott,judy.townsend@enron.com,scott.neal@enron.comTweed,Sheila,Haedicke,Mark,sheila.tweed@enron.com,e..haedicke@enron.comTweed,Sheila,Haedicke,Mark,sheila.tweed@enron.com,mark.haedicke@enron.comTycholiz,Barry,Lavorato,John,barry.tycholiz@enron.com,lavorato@enron.comTycholiz,Barry,Lavorato,John,barry.tycholiz@enron.com,john.lavorato@enron.comValdes,Maria,Sturm,Fletcher,maria.valdes@enron.com,j..sturm@enron.comValdes,Maria,Sturm,Fletcher,maria.valdes@enron.com,fletcher.sturm@enron.comVersen,Victoria,Neal,Scott,victoria.versen@enron.com,scott.neal@enron.comVickers,Frank,Lavorato,John,frank.vickers@enron.com,lavorato@enron.comVickers,Frank,Lavorato,John,w..vickers@enron.com,lavorato@enron.comVickers,Frank,Lavorato,John,frank.vickers@enron.com,john.lavorato@enron.comVickers,Frank,Lavorato,John,w..vickers@enron.com,john.lavorato@enron.comWang,Steve,Arora,Harry,steve.wang@enron.com,harry.arora@enron.comWatson,Kimberly,Tycholiz,Barry,kimberly.watson@enron.com,barry.tycholiz@enron.comWhitt,Mark,Tycholiz,Barry,mark.whitt@enron.com,barry.tycholiz@enron.comWill,Lloyd,Presto,Kevin,lloyd.will@enron.com,m..presto@enron.comWill,Lloyd,Presto,Kevin,lloyd.will@enron.com,kevin.presto@enron.comWright,Alice,Sager,Elizabeth,alice.wright@enron.com,elizabeth.sager@enron.comYoder,Christian,Sager,Elizabeth,christian.yoder@enron.com,elizabeth.sager@enron.comZipper,Andy,Arnold,John,andy.zipper@enron.com,john.arnold@enron.com